Keyword,Position,Previous position,Search Volume,Keyword Difficulty,CPC,URL,Traffic,Traffic (%),Traffic Cost,Competition,Number of Results,Trends,Timestamp,SERP Features by Keyword,Keyword Intents,Position Type
neumáticos líder,1,1,880,63,0.15,https://www.neumaticoslider.es/,704,0.94,105.00,0.95,3330000,"[100,44,44,44,16,13,11,13,44,13,13,20]",2025-12-17,"Knowledge panel, Sitelinks, Video, Ads top, Ads bottom, Related searches","navigational, transactional",Organic
nankang ns 2r,1,1,590,18,0.21,https://www.neumaticoslider.es/neumatico-auto/nankang/ns-2r/,472,0.63,99.00,1,390000,"[39,14,32,72,32,39,100,48,88,48,72,59]",2026-01-19,"Knowledge panel, Sitelinks, Video, Related searches",navigational,Organic
comforser cf1100,1,1,590,21,0.19,https://www.neumaticoslider.es/neumatico-auto/comforser/cf1100-a-t/,472,0.63,89.00,1,260000,"[66,81,66,66,66,66,66,54,66,66,100,100]",2025-12-28,"Knowledge panel, Image pack, Sitelinks, Video, People also ask, Related searches",navigational,Organic
lider neumaticos,1,1,480,33,0.18,https://www.neumaticoslider.es/,384,0.51,69.00,0.98,495000,"[20,30,30,16,36,30,24,36,20,16,55,36]",2025-12-02,"Knowledge panel, Sitelinks, Video, Ads top, Ads bottom, People also ask, Related searches","navigational, transactional",Organic
nankang ar1,1,1,390,19,0.24,https://www.neumaticoslider.es/neumatico-auto/nankang/sportnex-ar-1/,312,0.41,74.00,1,407000,"[15,29,54,66,54,66,54,54,54,100,66,44]",2026-01-17,"Image pack, Sitelinks, Video, People also ask, Popular products, Related searches","navigational, transactional",Organic
nankang ar 1,1,1,390,17,0.32,https://www.neumaticoslider.es/neumatico-auto/nankang/sportnex-ar-1/,312,0.41,99.00,1,979000,"[81,54,66,66,66,100,81,54,44,44,44,54]",2025-11-26,"Sitelinks, Video, People also ask, Related searches",navigational,Organic
comforser cf3000,1,1,320,22,0.21,https://www.neumaticoslider.es/neumatico-auto/comforser/cf3000/,256,0.34,53.00,1,348000,"[66,100,100,100,100,53,82,66,82,53,53,66]",2025-11-16,"Knowledge panel, Image pack, Sitelinks, Video, People also ask, Popular products, Related searches",navigational,Organic
neumáticoslider,1,1,320,28,0.11,https://www.neumaticoslider.es/,256,0.34,28.00,0.82,185000,"[5,5,4,4,3,3,4,4,4,5,4,7]",2026-01-18,"Knowledge panel, Sitelinks, Ads top, Ads bottom, People also ask, Related searches","navigational, transactional",Organic
michelin anakee road 210,1,1,880,8,0.00,https://www.neumaticoslider.es/neumatico-moto/michelin/anakee-road/,218,0.29,0.00,0,86500,[100],2026-01-05,"Video, Popular products, Related searches","commercial, informational",Organic
nankang ns2r,1,1,880,16,0.23,https://www.neumaticoslider.es/neumatico-auto/nankang/ns-2r/,218,0.29,50.00,1,471000,"[52,52,37,37,52,52,46,68,52,46,46,46]",2025-11-16,"Knowledge panel, Sitelinks, Video, Video Carousel, People also ask, Popular products, Related searches","informational, transactional",Organic
pireli scorpion str 210,1,1,880,11,0.00,https://www.neumaticoslider.es/neumatico-moto/pirelli/scorpion-rally-str/,218,0.29,0.00,0,119000,[100],2026-01-05,"Video, People also ask, Popular products, Related searches",commercial,Organic
comprar neumatico coche hibrido,1,1,720,12,0.00,https://www.neumaticoslider.es/neumaticos-coches-electricos-hibridos,178,0.23,0.00,0,7520000,"[55,67,55,76,76,76,100,6,55,67,45,0]",2025-12-19,"Video, People also ask, Popular products, Related searches",transactional,Organic
nankang crs,1,1,210,13,0.27,https://www.neumaticoslider.es/neumatico-auto/nankang/sportnex-cr-s/,168,0.22,45.00,0.99,105000,"[18,18,23,23,54,54,18,18,18,54,54,54]",2026-01-07,"Sitelinks, Video, Video Carousel, Popular products, Related searches","navigational, transactional",Organic
neumáticos lidl,1,1,210,33,0.29,https://www.neumaticoslider.es/,168,0.22,48.00,0.99,284000,"[80,65,65,65,65,80,80,80,80,80,80,100]",2025-12-21,"Knowledge panel, Sitelinks, Video, Image, People also ask, Related searches","navigational, transactional",Organic
225 55 r17,1,1,590,11,0.17,https://www.neumaticoslider.es/neumatico-auto-225-55-17/,146,0.19,24.00,1,16300000,"[59,48,59,72,59,59,100,59,59,59,72,59]",2025-12-09,"Image pack, Popular products, Related searches",commercial,Organic
aptany neumaticos,1,1,170,18,0.20,https://www.neumaticoslider.es/neumatico-auto/aptany/,136,0.18,27.00,1,335000,"[34,43,53,65,81,34,53,65,0,65,100,81]",2025-12-01,"Video, Ads bottom, People also ask, Popular products, Related searches",commercial,Organic
neumaticoslider.es,1,1,170,69,0.19,https://www.neumaticoslider.es/,136,0.18,25.00,1,193000,"[42,80,65,80,65,53,65,53,100,65,53,42]",2025-11-11,"Knowledge panel, Sitelinks, Ads bottom, People also ask","commercial, navigational",Organic
yokohama v105s,1,1,170,17,0.62,https://www.neumaticoslider.es/neumatico-auto/yokohama/advan-sport-v105s/,136,0.18,84.00,1,194000,"[17,14,17,17,14,17,17,17,14,14,14,11]",2025-12-23,"Image pack, Sitelinks, Video, People also ask, Related searches",navigational,Organic
neumaticos 22545r17,2,2,1000,16,0.21,https://www.neumaticoslider.es/neumatico-auto-225-45-17/,132,0.17,27.00,1,1680000,"[41,54,54,54,54,36,66,0,0,0,79,66]",2025-11-29,"Knowledge panel, Image pack, Video, Ads bottom, Popular products, Related searches",commercial,Organic
205 55r16 91v,2,2,1000,13,0.24,https://www.neumaticoslider.es/neumatico-auto-205-55-16-91-V/,132,0.17,31.00,1,1,"[79,20,16,100,100,7,13,16,79,3,79,16]",2025-11-19,"Popular products, Related searches",commercial,Organic
205/55 r16 91v,2,2,1000,18,0.00,https://www.neumaticoslider.es/neumatico-auto-205-55-16-91-V/,132,0.17,0.00,0,6060000,"[54,41,41,54,79,24,24,24,79,24,24,54]",2025-12-05,"Instant answer, Popular products, Related searches","commercial, informational",Organic
goodride,1,1,480,14,0.19,https://www.neumaticoslider.es/neumatico-auto/goodride/,119,0.15,22.00,0.98,10500000,"[66,66,66,54,81,66,66,54,54,54,66,54]",2025-12-12,"Video, Popular products, Related searches",commercial,Organic
7.00 12,1,1,480,6,0.00,https://www.neumaticoslider.es/neumatico-agricola-7---12/,119,0.15,0.00,0.02,124000000,"[81,100,1,81,81,66,81,81,81,12,1,54]",2025-12-19,"Image pack, Video, Popular products, Related searches","informational, transactional",Organic
185 60 r15,1,1,480,14,0.22,https://www.neumaticoslider.es/neumatico-auto-185-60-15-84-H/,119,0.15,26.00,1,15900000,"[54,54,81,44,54,66,54,66,66,66,100,66]",2025-12-07,"People also ask, Popular products, Related searches",informational,Organic
semislicks,1,1,480,10,0.22,https://www.neumaticoslider.es/neumaticos-semi-slick,119,0.15,26.00,1,396000,"[67,67,54,54,67,67,67,54,54,44,44,36]",2025-11-28,"Video, Video Carousel, People also ask, Popular products, Related searches","commercial, informational",Organic
neumaticos comforser,1,1,480,15,0.17,https://www.neumaticoslider.es/neumatico-auto/comforser/,119,0.15,20.00,1,315000,"[20,25,25,20,25,20,25,31,20,25,31,25]",2025-11-27,"Knowledge panel, Sitelinks, Video, People also ask, Related searches",commercial,Organic
hermanos moreno gonzález,1,1,480,18,0.00,https://montaje.neumaticoslider.es/madrid/san-martin-de-valdeiglesias/7671,119,0.15,0.00,0,7740000,"[29,29,44,54,66,66,54,81,66,100,66,100]",2025-12-26,"Knowledge panel, Image pack, Video",informational,Organic
radar renegade,1,1,140,16,0.26,https://www.neumaticoslider.es/neumatico-auto/radar/renegade-r-t-plus/,112,0.15,29.00,1,4720000,"[22,43,43,35,29,18,35,22,22,22,18,29]",2025-11-08,"Sitelinks, Video, Video Carousel, People also ask, Popular products, Related searches",transactional,Organic
semi slick yokohama,1,1,140,10,0.15,https://www.neumaticoslider.es/neumatico-auto/yokohama/advan-a052/,112,0.15,16.00,1,831000,"[66,66,80,52,52,80,80,66,80,52,66,52]",2025-12-10,"Image pack, Sitelinks, Video, Popular products, Related searches",informational,Organic
neumaticoslider telefono,1,1,140,21,0.00,https://www.neumaticoslider.es/contacto,112,0.15,0.00,0.06,1,"[53,53,65,42,65,65,53,42,53,34,42,26]",2025-11-16,"Knowledge panel, Image pack, People also ask, Related searches","navigational, transactional",Organic
neumaticoslider es,1,1,140,25,0.13,https://www.neumaticoslider.es/,112,0.15,14.00,0.95,150000,"[82,100,52,100,82,82,82,64,82,64,64,64]",2025-12-27,"Knowledge panel, Sitelinks, Ads bottom, Related searches","navigational, transactional",Organic
neumatico lider,1,1,140,61,0.15,https://www.neumaticoslider.es/,112,0.15,16.00,0.95,192000,"[5,0,8,4,8,1,5,4,5,6,4,55]",2025-10-30,"Knowledge panel, Sitelinks, Video, Ads top, Ads bottom, People also ask, Related searches",navigational,Organic
neumaticos líder,1,1,140,42,0.15,https://www.neumaticoslider.es/,112,0.15,16.00,0.95,545000,"[0,4,0,0,8,8,2,13,7,1,8,10]",2025-12-17,"Knowledge panel, Sitelinks, Video, Related searches","navigational, transactional",Organic
goodride sl369 a/t,1,1,140,19,0.00,https://www.neumaticoslider.es/neumatico-auto/goodride/sl369-a-t/,112,0.15,0.00,1,223000,"[1,1,1,100,0,0,0,0,0,1,1,1]",2025-12-30,"Knowledge panel, Image pack, Sitelinks, Video, People also ask, Related searches",navigational,Organic
semi slicks,1,1,390,12,0.23,https://www.neumaticoslider.es/neumaticos-semi-slick,96,0.12,22.00,1,1390000,"[21,48,48,39,48,39,48,39,48,32,48,48]",2025-11-30,"Image pack, Video, Video Carousel, People also ask, Popular products, Related searches",informational,Organic
205/55r16 91v,1,1,390,14,0.23,https://www.neumaticoslider.es/neumatico-auto-205-55-16-91-V/,96,0.12,22.00,1,4100000,"[8,11,4,4,4,5,5,7,5,100,7,5]",2026-01-15,"Image pack, People also ask, Popular products, Related searches",transactional,Organic
double star,1,1,390,12,0.00,https://www.neumaticoslider.es/neumatico-auto/doublestar/,96,0.12,0.00,0.04,2880000000,"[54,44,66,54,54,44,66,66,54,66,66,100]",2025-11-16,"Image pack, Sitelinks, Video, People also ask, Popular products, Related searches","commercial, informational",Organic
205 60 r16 92h,1,1,390,9,0.24,https://www.neumaticoslider.es/neumatico-auto-205-60-16-92-H/,96,0.12,23.00,1,1330000,"[100,100,100,100,81,81,100,66,66,100,100,100]",2025-12-19,"Video, Related searches",commercial,Organic
neumaticos lanvigator,1,1,390,12,0.19,https://www.neumaticoslider.es/neumatico-auto/lanvigator/,96,0.12,18.00,1,369000,"[54,66,66,54,54,54,66,66,54,66,100,81]",2025-10-17,"Video, People also ask, Related searches",commercial,Organic
205 60r16 92h,1,1,390,10,0.24,https://www.neumaticoslider.es/neumatico-auto-205-60-16-92-H/,96,0.12,23.00,1,1,"[54,66,66,66,54,81,100,66,100,81,100,81]",2025-11-22,"Image pack, Popular products, Related searches",commercial,Organic
semi slick,1,1,390,12,0.23,https://www.neumaticoslider.es/neumaticos-semi-slick,96,0.12,22.00,1,25800000,"[39,59,39,32,48,39,48,39,48,39,39,32]",2025-11-29,"Image pack, Video, People also ask, Popular products, Related searches","informational, transactional",Organic
ruedas antipinchazos,1,1,390,14,0.29,https://www.neumaticoslider.es/consejos-neumaticos/neumaticos-runflat,96,0.12,27.00,0.99,1,"[54,66,66,54,44,44,54,44,44,44,66,54]",2025-11-19,"Image pack, Sitelinks, Video, People also ask, Popular products, Related searches",informational,Organic
north 9,1,1,720,7,0.00,https://www.neumaticoslider.es/neumatico-auto/nokian/nordman-north-9/,95,0.12,0.00,0.01,13700000000,"[88,59,59,88,72,88,88,88,59,72,72,72]",2026-01-04,"Image pack, Video, Image, People also ask, AI overview",informational,Organic
215 55 r16,2,2,720,10,0.21,https://www.neumaticoslider.es/neumatico-auto-215-55-16/,95,0.12,19.00,1,15100000,"[55,55,45,55,45,45,67,55,45,45,67,55]",2025-12-16,Related searches,commercial,Organic
aptany neumáticos,1,1,110,18,0.20,https://www.neumaticoslider.es/neumatico-auto/aptany/,88,0.11,17.00,1,266000,"[17,11,11,82,100,52,64,64,41,64,100,100]",2025-11-29,"Image pack, Video, People also ask, Related searches",commercial,Organic
general grabber x3,1,1,110,17,0.47,https://www.neumaticoslider.es/neumatico-auto/general-tire/grabber-x3/,88,0.11,41.00,1,691000,"[5,8,5,10,5,5,3,4,5,5,6,8]",2026-01-09,"Image pack, Sitelinks, Video, Video Carousel, People also ask, Popular products, Related searches",navigational,Organic
nankang ns2r 225/45 r17,1,1,110,13,0.00,https://www.neumaticoslider.es/neumatico-auto/nankang/ns-2r/225-45-zr17-94w-1685674,88,0.11,0.00,0,133000,"[78,100,78,100,78,100,100,100,64,35,50,50]",2025-12-10,"Video, Popular products, Related searches","informational, transactional",Organic
yokohama v105s advan sport,1,1,110,16,0.20,https://www.neumaticoslider.es/neumatico-auto/yokohama/advan-sport-v105s/,88,0.11,17.00,1,493000,"[0,0,0,0,0,81,100,81,0,0,81,53]",2025-11-30,"Video, People also ask, Popular products, Related searches","commercial, informational",Organic
semi slicks yokohama,1,1,110,17,0.09,https://www.neumaticoslider.es/neumatico-auto/yokohama/advan-a052/,88,0.11,7.00,1,945000,"[82,100,64,0,82,100,64,82,41,82,64,100]",2025-12-21,"Image pack, Sitelinks, Video, People also ask, Popular products, Related searches",informational,Organic
kumho ecsta ps91,1,1,110,20,0.20,https://www.neumaticoslider.es/neumatico-auto/kumho/ecsta-ps91/,88,0.11,17.00,1,269000,"[19,15,15,19,12,10,7,5,12,7,10,2]",2025-12-24,"Knowledge panel, Sitelinks, Video, People also ask, Related searches",navigational,Organic
215 55 r17,3,3,1000,13,0.24,https://www.neumaticoslider.es/neumatico-auto-215-55-17/,82,0.11,19.00,1,13700000,"[76,76,67,76,76,76,67,100,76,76,76,100]",2026-01-05,"People also ask, Popular products, Related searches",informational,Organic
ruedas 205 55 r16,3,3,1000,14,0.19,https://www.neumaticoslider.es/neumatico-auto-205-55-16/,82,0.11,15.00,1,1240000,"[52,52,52,46,52,52,52,52,46,46,68,68]",2025-11-30,"Video, Related searches",commercial,Organic
265 70r16,1,1,320,10,0.17,https://www.neumaticoslider.es/neumatico-auto-265-70-16/,79,0.1,13.00,1,5230000,"[100,100,82,100,100,82,100,7,66,66,82,66]",2025-11-29,"Image pack, Video, Popular products, Related searches","commercial, informational",Organic
neumaticos semi slick,1,1,320,10,0.21,https://www.neumaticoslider.es/neumaticos-semi-slick,79,0.1,16.00,1,198000,"[66,54,66,81,43,54,54,66,54,66,81,81]",2025-11-27,"Video, People also ask, Popular products, Related searches",informational,Organic
235 75 r15,1,1,320,11,0.18,https://www.neumaticoslider.es/neumatico-auto-235-75-15/,79,0.1,14.00,1,9150000,"[66,66,54,66,43,81,35,54,54,66,81,81]",2026-01-17,"Video, People also ask, Popular products, Related searches","informational, transactional",Organic
195 60 r15,1,1,320,13,0.23,https://www.neumaticoslider.es/neumatico-auto-195-60-15/,79,0.1,18.00,1,16100000,"[66,100,66,66,54,81,81,66,66,66,66,66]",2025-12-18,"Video, People also ask, Popular products, Related searches",informational,Organic
5.0.12,1,1,320,14,0.00,https://www.neumaticoslider.es/neumatico-auto-5-R-12/,79,0.1,0.00,0,1,"[81,81,66,66,66,0,0,0,81,66,0,0]",2025-11-12,"Image pack, Video, Popular products","commercial, informational",Organic
120/70 zr17 58w,1,1,320,12,0.00,https://www.neumaticoslider.es/neumatico-moto-120-70-17/,79,0.1,0.00,0,1030000,"[8,8,7,5,7,5,7,100,8,8,7,7]",2025-10-17,"People also ask, Popular products, Related searches","commercial, informational",Organic
neumaticos goodride,1,1,320,8,0.19,https://www.neumaticoslider.es/neumatico-auto/goodride/,79,0.1,15.00,1,559000,"[54,66,44,66,66,54,81,54,44,54,81,54]",2025-12-14,"Video, Popular products, Related searches",commercial,Organic
235 45 r17,1,1,320,10,0.21,https://www.neumaticoslider.es/neumatico-auto-235-45-17/,79,0.1,16.00,1,12100000,"[44,81,35,44,44,54,54,44,44,44,66,54]",2025-12-04,"Popular products, Related searches","commercial, informational",Organic
2.0 17,1,1,320,11,0.00,https://www.neumaticoslider.es/neumatico-moto-2---17/,79,0.1,0.00,0,2070000000,"[100,76,8,8,6,10,10,10,13,13,13,20]",2025-12-15,"Image pack, Video, Related searches","commercial, informational",Organic
semislick,1,1,320,9,0.22,https://www.neumaticoslider.es/neumaticos-semi-slick,79,0.1,17.00,0.95,1950000,"[36,30,24,30,24,30,20,30,24,30,20,2]",2025-12-22,"Video, Image, Video Carousel, Popular products, Related searches",informational,Organic
kumho ecsta ps71,2,2,590,16,0.20,https://www.neumaticoslider.es/neumatico-auto/kumho/ecsta-ps71/,77,0.1,15.00,1,779000,"[81,81,81,100,100,100,81,100,81,100,81,81]",2026-01-19,"Knowledge panel, Sitelinks, Video, People also ask, Related searches",informational,Organic
195 50 r15,2,2,590,14,0.23,https://www.neumaticoslider.es/neumatico-auto-195-50-15/,77,0.1,17.00,1,16100000,"[67,67,67,67,67,67,67,54,44,54,67,67]",2025-11-28,"Image pack, Video, People also ask, Popular products, Related searches",informational,Organic
neumáticos online baratos,2,2,590,58,0.24,https://www.neumaticoslider.es/,77,0.1,18.00,1,3460000,"[55,55,45,45,45,36,45,30,30,30,45,36]",2025-12-06,"Sitelinks, Video, Image, Related searches",commercial,Organic
235 35 r19,2,2,590,10,0.21,https://www.neumaticoslider.es/neumatico-auto-235-35-19/,77,0.1,16.00,1,7700000,"[67,54,67,67,67,67,81,67,54,67,67,67]",2025-12-05,"Popular products, Related searches","informational, transactional",Organic
tkc 80,2,2,590,16,0.23,https://www.neumaticoslider.es/neumatico-moto/continental/tkc-80-twinduro/,77,0.1,17.00,1,2510000,"[72,72,59,72,59,72,72,72,59,48,39,48]",2025-12-16,"Knowledge panel, Image pack, Video, Image, Video Carousel, Related searches","informational, transactional",Organic
neumáticos baratos online,2,2,590,57,0.29,https://www.neumaticoslider.es/,77,0.1,22.00,1,3400000,"[72,59,48,39,59,48,72,59,59,32,88,72]",2025-12-15,"Sitelinks, Video, Related searches",commercial,Organic
neumaticos baratos online,3,3,880,57,0.29,https://www.neumaticoslider.es/,72,0.09,20.00,1,1100000,"[36,41,36,30,36,36,41,36,30,30,41,36]",2025-12-12,"Sitelinks, Video, Popular products, Related searches",commercial,Organic
eurovis,3,3,880,15,0.72,https://www.neumaticoslider.es/neumatico-auto/roadstone/eurovis-sport-04/,72,0.09,51.00,0,550000,"[19,19,19,5,3,13,4,1,3,7,2,3]",2026-01-01,"Knowledge panel, Sitelinks, Video, Related searches",informational,Organic
195/65 r15,4,4,1000,12,0.26,https://www.neumaticoslider.es/neumatico-auto-195-65-15-95-T/,65,0.08,16.00,1,18400000,"[100,20,68,68,25,20,25,20,25,84,68,100]",2025-12-28,"Image pack, Related searches","commercial, informational",Organic
compra venta neumaticos,3,3,1000,65,0.00,https://www.neumaticoslider.es/,65,0.08,0.00,0.88,21900000,"[68,68,68,68,68,68,100,68,52,52,0,1]",2025-11-20,"Local pack, Sitelinks, Related searches",transactional,Organic
185 65 r15,4,4,1000,14,0.22,https://www.neumaticoslider.es/neumatico-auto-185-65-15-92-T/,65,0.08,14.00,1,19000000,"[67,76,55,67,67,67,100,67,67,76,100,67]",2025-11-26,"Video, People also ask, Popular products, Related searches",commercial,Organic
265 75r16,1,1,260,9,0.17,https://www.neumaticoslider.es/neumatico-auto-265-75-16/,64,0.08,10.00,1,4120000,"[82,82,100,82,82,23,100,7,66,43,43,66]",2025-12-04,"Video, Popular products, Related searches",commercial,Organic
265 70 r16,1,1,260,11,0.17,https://www.neumaticoslider.es/neumatico-auto-265-70-16/,64,0.08,10.00,1,8770000,"[100,81,100,100,81,65,65,81,65,81,100,81]",2026-01-19,"People also ask, Popular products, Related searches",commercial,Organic
neumaticos el altet,1,1,260,15,0.00,https://montaje.neumaticoslider.es/alicante/l-altet/7408,64,0.08,0.00,0.18,1,"[54,43,43,43,43,54,54,66,66,81,100,100]",2025-11-12,"Knowledge panel, Image, People also ask",informational,Organic
goodyear wrl,1,1,260,9,0.13,https://www.neumaticoslider.es/neumatico-auto/goodyear/wrangler-at-adventure/,64,0.08,8.00,1,127000,"[82,82,66,66,82,66,82,66,66,53,66,66]",2025-11-26,"Image pack, Video, Related searches",informational,Organic
talleres garysa,1,1,260,14,0.00,https://montaje.neumaticoslider.es/navarra/burlada-burlata/8166,64,0.08,0.00,0.02,335,"[16,20,13,16,16,13,16,16,16,16,16,20]",2025-12-27,"Knowledge panel, Image pack, Image",informational,Organic
28575 r16,1,1,260,10,0.19,https://www.neumaticoslider.es/neumatico-auto-285-75-16/,64,0.08,12.00,0.99,1,"[54,66,54,81,81,81,100,54,0,43,43,0]",2025-11-13,"Image pack, Video, Image, Popular products, Related searches",commercial,Organic
195 65 r15 91h,1,1,260,9,0.23,https://www.neumaticoslider.es/neumatico-auto-195-65-15-91-H/,64,0.08,14.00,1,2380000,"[43,100,66,43,53,66,82,66,82,82,82,66]",2025-12-07,"Popular products, Related searches","commercial, informational",Organic
235/35 r19,1,1,260,9,0.00,https://www.neumaticoslider.es/neumatico-auto-235-35-19/,64,0.08,0.00,0,3200000,"[23,54,29,36,54,36,36,36,29,81,29,23]",2025-12-14,"Popular products, Related searches","commercial, informational",Organic
neumaticos zr,1,1,260,14,0.00,https://www.neumaticoslider.es/consejos-neumaticos/neumaticos-zr-o-r,64,0.08,0.00,0.2,386000,"[43,53,35,53,53,66,66,66,66,82,100,66]",2025-12-23,"Local pack, Image pack, Video, Video Carousel, Related searches",commercial,Organic
225-45r17,1,1,260,15,0.00,https://www.neumaticoslider.es/neumatico-auto-225-45-17/,64,0.08,0.00,0,9380000,"[100,1,0,0,1,1,1,1,0,1,0,1]",2025-12-10,"Video, People also ask, Popular products, Related searches","commercial, informational",Organic
ps91,1,1,260,16,0.41,https://www.neumaticoslider.es/neumatico-auto/kumho/ecsta-ps91/,64,0.08,26.00,0.22,1170000,"[0,2,2,0,0,10,0,100,2,2,2,0]",2026-01-19,"Knowledge panel, Image pack, Video, Related searches",informational,Organic
235 85r16,1,1,260,9,0.17,https://www.neumaticoslider.es/neumatico-auto-235-85-16/,64,0.08,10.00,1,1640000,"[66,81,2,100,8,54,54,54,54,35,43,54]",2025-12-20,"Popular products, Related searches",commercial,Organic
roc neumáticos,2,2,480,15,0.00,https://coche.neumaticoslider.es/neumaticos/volkswagen/t-roc/t-roc-3674/33299,63,0.08,0.00,0.11,519000,"[66,66,66,100,81,54,81,81,100,54,81,81]",2025-12-13,"Knowledge panel, Image pack, Video, Popular products, Related searches","informational, transactional",Organic
neumaticos kleber,2,2,480,14,0.14,https://www.neumaticoslider.es/neumatico-auto/kleber/,63,0.08,8.00,1,272000,"[24,24,16,13,16,24,20,16,20,16,20,16]",2025-12-01,"Knowledge panel, Sitelinks, Video, Popular products, Related searches",commercial,Organic
205 60r1692h,2,2,480,18,0.24,https://www.neumaticoslider.es/neumatico-auto-205-60-16-92-H/,63,0.08,15.00,1,81000,"[81,66,81,100,66,81,81,100,81,81,81,66]",2026-01-08,"Image, People also ask, Popular products, Related searches",commercial,Organic
20560r16 92h,2,2,480,14,0.24,https://www.neumaticoslider.es/neumatico-auto-205-60-16-92-H/,63,0.08,15.00,1,1290000,"[81,81,66,81,66,81,100,66,81,81,100,66]",2025-12-09,"Image pack, People also ask, Popular products, Related searches",commercial,Organic
5.00 8,1,1,720,6,0.00,https://www.neumaticoslider.es/neumatico-agricola-5---8/,59,0.07,0.00,0.01,274000000,"[2,0,0,0,0,0,0,100,100,84,84,68]",2025-11-10,"Image pack, Video, Popular products","informational, transactional",Organic
215 65 r16,3,3,720,10,0.21,https://www.neumaticoslider.es/neumatico-auto-215-65-16-102-H/,59,0.07,12.00,1,12500000,"[59,59,59,59,59,59,100,88,72,72,88,72]",2025-12-11,"Popular products, Related searches",informational,Organic
175 65 r14,3,3,720,11,0.21,https://www.neumaticoslider.es/neumatico-auto-175-65-14-82-T/,59,0.07,12.00,1,9890000,"[67,55,45,55,45,45,67,55,55,45,45,36]",2025-12-09,"Popular products, Related searches",informational,Organic
195/55 r16,3,3,720,14,0.00,https://www.neumaticoslider.es/neumatico-auto-195-55-16-87-H/,59,0.07,0.00,0,10800000,"[8,16,10,10,13,8,10,8,100,8,10,44]",2025-11-08,"People also ask, Popular products, Related searches",commercial,Organic
mecanikea,3,3,720,18,0.00,https://montaje.neumaticoslider.es/cadiz/barriada-la-teja/8362,59,0.07,0.00,0.03,704,"[72,59,59,48,59,59,59,48,88,100,88,72]",2025-11-29,"Knowledge panel, Image pack, Related searches",informational,Organic
neumatico barato,3,3,720,57,0.36,https://www.neumaticoslider.es/,59,0.07,21.00,1,854000,"[54,41,24,4,36,36,13,16,20,30,20,41]",2025-12-22,"Image pack, Sitelinks, Video, Popular products, Related searches",commercial,Organic
rueda 205/40/17,4,4,880,11,0.00,https://www.neumaticoslider.es/neumatico-auto-205-40-17-84-W/,57,0.07,0.00,0,257000,[100],2026-01-05,"Video, Ads bottom, Popular products, Related searches",commercial,Organic
neumaticos 225 40 r18,4,4,880,10,0.23,https://www.neumaticoslider.es/neumatico-auto-225-40-18/,57,0.07,13.00,1,728000,"[59,72,88,72,59,72,100,100,88,72,88,88]",2025-12-07,"Video, Related searches",informational,Organic
195 55 r16,4,4,880,14,0.21,https://www.neumaticoslider.es/neumatico-auto-195-55-16-87-H/,57,0.07,11.00,1,15800000,"[55,55,55,76,55,76,67,76,67,55,67,67]",2025-12-01,"People also ask, Popular products, Related searches",commercial,Organic
235 85 r16,1,1,210,9,0.17,https://www.neumaticoslider.es/neumatico-auto-235-85-16/,52,0.06,8.00,1,8080000,"[43,65,81,65,100,43,65,43,43,34,43,53]",2025-11-26,"Video, Popular products, Related searches",transactional,Organic
265 75 r16,1,1,210,11,0.17,https://www.neumaticoslider.es/neumatico-auto-265-75-16/,52,0.06,8.00,1,7290000,"[53,65,65,53,65,81,65,100,53,34,43,65]",2025-12-15,"Video, People also ask, Popular products, Related searches","informational, transactional",Organic
